9876543210,"Lorem ipsum dolor sit amet, consectetur adipiscing elit. Maecenas massa ex, tincidunt sit amet rutrum."
9876543210,"Lorem ipsum dolor sit amet, consectetur adipiscing elit. Maecenas massa ex, tincidunt sit amet rutrum."
9876543210,"Lorem ipsum dolor sit amet, consectetur adipiscing elit. Maecenas massa ex, tincidunt sit amet rutrum."
9876543210,"Lorem ipsum dolor sit amet, consectetur adipiscing elit. Maecenas massa ex, tincidunt sit amet rutrum."
9876543210,"Lorem ipsum dolor sit amet, consectetur adipiscing elit. Maecenas massa ex, tincidunt sit amet rutrum."
9876543210,"Lorem ipsum dolor sit amet, consectetur adipiscing elit. Maecenas massa ex, tincidunt sit amet rutrum."
9876543210,"Lorem ipsum dolor sit amet, consectetur adipiscing elit. Maecenas massa ex, tincidunt sit amet rutrum."
9876543210,"Lorem ipsum dolor sit amet, consectetur adipiscing elit. Maecenas massa ex, tincidunt sit amet rutrum."
9876543210,"Lorem ipsum dolor sit amet, consectetur adipiscing elit. Maecenas massa ex, tincidunt sit amet rutrum."
9876543210,"Lorem ipsum dolor sit amet, consectetur adipiscing elit. Maecenas massa ex, tincidunt sit amet rutrum."
